uuid,variable_type,variable_name,equipment_ID,equipment_type
44384ce5-956f-4433-be47-ddcb45cb4d8c,ActFlow,2-2-18_ActFlow,2-2-18,VAV
ab988c23-1f42-4a6d-9cfc-2d4673570efa,ActFlow,2-5-23_ActFlow,2-5-23,VAV
484672f0-c0a3-4a63-aa0c-22a5252f18bd,ActFlow,1-2-5_ActFlow,1-2-5,VAV
be7c3077-f71e-4296-8e7c-6b7f085a30bb,ActFlow,2-4-14_ActFlow,2-4-14,VAV
caf9cce9-8d13-40ac-a27d-3a1b175a4fe5,ActFlow,1-3-2_ActFlow,1-3-2,VAV
461727c7-6b19-4016-ad8f-fa2cdb63621d,ActFlow,1-5-9_ActFlow,1-5-9,VAV
107a681a-9058-45c0-9816-7d21d2873e20,ActFlow,2-1-17_ActFlow,2-1-17,VAV
3ceaffaa-7645-4e70-b8fb-35551e52d4ea,ActFlow,1-5-13_ActFlow,1-5-13,VAV
40909474-b3f4-4621-9b32-7b6ddd5a5163,ActFlow,1-4-7_ActFlow,1-4-7,VAV
3626af4f-23d0-4ef7-a2dc-fc7a2bd9cc2c,ActFlow,2-3-14_ActFlow,2-3-14,VAV
123f68f2-ce52-482a-bf63-11ba1e34cf00,ActFlow,2-1-12_ActFlow,2-1-12,VAV
cc2a9a9a-3aa6-4419-8516-4af5fd3ff210,ActFlow,1-5-16_ActFlow,1-5-16,VAV
c8193ac3-923a-4f7e-8e75-b7c114d3fa0b,ActFlow,1-3-7_ActFlow,1-3-7,VAV
315352f4-a7fd-49b4-be2a-800ffe853b4a,ActFlow,2-2-14_ActFlow,2-2-14,VAV
90198589-a6f3-4036-9585-93b8d3127e7d,ActFlow,2-1-20_ActFlow,2-1-20,VAV
65cb811c-f13c-44d8-ad14-003a68166a34,ActFlow,2-4-18_ActFlow,2-4-18,VAV
f0cfbbd8-88b0-441d-8b08-89019b27c5e2,ActFlow,1-4-2_ActFlow,1-4-2,VAV
139de008-d815-41ae-92b4-cb03626e0668,ActFlow,1-5-5_ActFlow,1-5-5,VAV
f9754c0c-f503-4cc3-a95b-ba68dd05de13,ActFlow,2-3-18_ActFlow,2-3-18,VAV
2b634dd2-69b8-4cad-a69b-3c73d77de3ba,ActFlow,1-1-5_ActFlow,1-1-5,VAV
c42f0631-97e0-4bc8-b5bc-a4948d596c82,ActFlow,1-2-3_ActFlow,1-2-3,VAV
c84f2f3d-c808-481a-afac-571c0e36fc1a,ActFlow,2-5-25_ActFlow,2-5-25,VAV
e821f2d4-4464-49c6-80ab-81cc1656ad7e,ActFlow,1-3-10_ActFlow,1-3-10,VAV
257e5af8-3437-4839-b930-cc80dc2e1f6b,ActFlow,1-4-8_ActFlow,1-4-8,VAV
3dd0c5e8-2426-4e3c-bcf4-92bc695367e9,ActFlow,1-1-6_ActFlow,1-1-6,VAV
2aaa919d-ded5-4e8d-971d-b19f2c958e0a,ActFlow,2-1-18_ActFlow,2-1-18,VAV
964ca4a9-52ad-497b-8a3d-4d3048ebcbfc,ActFlow,2-4-20_ActFlow,2-4-20,VAV
dfa790d4-23f9-4314-b7a3-c9bb5b7a7904,ActFlow,1-5-6_ActFlow,1-5-6,VAV
6e85dad9-b756-4b7a-9ac3-d8c4d373804c,ActFlow,1-4-1_ActFlow,1-4-1,VAV
1e96e4b7-0c77-471b-8fe4-f25a07162e54,ActFlow,2-2-17_ActFlow,2-2-17,VAV
ad7e658e-538a-4d96-8066-a788317c34f0,ActFlow,2-3-20_ActFlow,2-3-20,VAV
25954c55-6a12-4c36-8423-5491ac3d1b9c,ActFlow,2-1-11_ActFlow,2-1-11,VAV
fe42c836-f7b8-4894-ac50-242351416835,ActFlow,1-3-4_ActFlow,1-3-4,VAV
a0a041a0-9d9e-43e9-9cb0-0b8dbfbd296f,ActFlow,2-3-17_ActFlow,2-3-17,VAV
8756c74a-6eac-4c7e-8d58-88dbf7ba3d7c,ActFlow,2-2-20_ActFlow,2-2-20,VAV
c0c48017-5f50-42f1-93a9-3d7d4f84fb8e,ActFlow,1-4-4_ActFlow,1-4-4,VAV
b71fa73b-551b-4d79-aa65-3ed00969ed82,ActFlow,1-3-1_ActFlow,1-3-1,VAV
194fb79d-5536-4382-84c9-b8b14f95acd8,ActFlow,1-5-10_ActFlow,1-5-10,VAV
51d5d4d6-6779-4063-9650-5e8d7f902ef5,ActFlow,2-1-14_ActFlow,2-1-14,VAV
121ab8bb-fd01-41b8-9432-770c19b43757,ActFlow,2-2-12_ActFlow,2-2-12,VAV
b119868a-2a1f-4ee4-8ba8-1d243d1e0bb1,ActFlow,1-1-3_ActFlow,1-1-3,VAV
b95b7b3b-a3de-4997-950c-64e18edb8866,ActFlow,2-4-17_ActFlow,2-4-17,VAV
f97eb429-fb82-4cb9-bd7f-2107c36b43a4,ActFlow,2-5-20_ActFlow,2-5-20,VAV
cd2917d4-2e77-43e2-8451-592f7d1f9ab5,ActFlow,1-2-6_ActFlow,1-2-6,VAV
0a61af6e-80b0-4ac6-9b24-872f0ad9b49c,ActFlow,1-5-3_ActFlow,1-5-3,VAV
7bb24c90-25f0-4472-acef-f359389cf86e,ActFlow,1-3-8_ActFlow,1-3-8,VAV
b1610cf4-35d5-4806-abcd-76f3cc5ff2d9,ActFlow,1-1-4_ActFlow,1-1-4,VAV
82103ea2-8310-41ae-bd1b-03be6108c790,ActFlow,2-3-19_ActFlow,2-3-19,VAV
9c020ef2-995c-4de0-a943-8f9d804f4a1b,ActFlow,1-2-1_ActFlow,1-2-1,VAV
ad4d17ea-da28-4ed6-aafa-15b690c0fe0b,ActFlow,1-5-4_ActFlow,1-5-4,VAV
69d9d1b2-69c5-4899-8c27-509e1c0faf0a,ActFlow,2-4-17A_ActFlow,2-4-17A,VAV
499424f1-46ef-42d7-9864-bf44c33de838,ActFlow,2-4-19_ActFlow,2-4-19,VAV
b1162371-1b3d-46e3-b895-4bc34069a295,ActFlow,2-5-17B_ActFlow,2-5-17B,VAV
add797ff-5ee6-411e-b6d6-4b836c0fb38a,ActFlow,1-2-8_ActFlow,1-2-8,VAV
06faee22-8d85-47b9-8d3a-cf7dd7d5f162,ActFlow,1-4-3_ActFlow,1-4-3,VAV
35554a77-9536-4cea-8e8e-dc1d861911d4,ActFlow,2-B-1_ActFlow,2-B-1,VAV
da0ffc16-29a6-4ea8-b464-237a6b46dbbd,ActFlow,1-3-6_ActFlow,1-3-6,VAV
e8c203ac-e0e3-41ef-ba64-a982f1bdf411,ActFlow,2-3-22_ActFlow,2-3-22,VAV
fb64c9ca-f399-4bfb-bc83-5ae927655311,ActFlow,2-1-13_ActFlow,2-1-13,VAV
db575f93-838b-499f-ad6f-6385eeecd386,ActFlow,2-2-15_ActFlow,2-2-15,VAV
332bb3f8-713c-42df-82c5-fbfefc296da9,ActFlow,2-2-22_ActFlow,2-2-22,VAV
b911ccbf-16d1-4259-a4b5-8b883937647a,ActFlow,1-4-6_ActFlow,1-4-6,VAV
49532b96-ff50-4656-9924-8ea90704b1af,ActFlow,2-3-15_ActFlow,2-3-15,VAV
a84881a0-3f68-4743-92cf-9244486def0c,ActFlow,1-1-8_ActFlow,1-1-8,VAV
720d9cf5-0d02-41af-8d84-c538d6aa6727,ActFlow,2-5-19_ActFlow,2-5-19,VAV
1d3083ed-3576-49dd-9ab5-ad422baa9bfa,ActFlow,1-5-12_ActFlow,1-5-12,VAV
a5f12207-dccd-46e1-903d-c3338c3773ae,ActFlow,2-1-16_ActFlow,2-1-16,VAV
16c08160-b28f-4e81-9486-2add7281d032,ActFlow,1-5-8_ActFlow,1-5-8,VAV
85b636be-1194-4ddc-ae0b-b894d3be9b61,ActFlow,1-3-3_ActFlow,1-3-3,VAV
872370cf-ee37-4c10-92ca-047c36cfad91,ActFlow,1-2-4_ActFlow,1-2-4,VAV
60e88542-e193-4796-ad19-131060a1f78d,ActFlow,2-5-22_ActFlow,2-5-22,VAV
77aaf925-241b-47de-a665-f6fae3ec152e,ActFlow,1-1-1_ActFlow,1-1-1,VAV
8cfc0138-f1d5-4802-a169-d1785c28949d,ActFlow,2-4-15_ActFlow,2-4-15,VAV
387ad982-d9d0-4db0-a3bd-6c8ae011d3a4,ActFlow,2-2-19_ActFlow,2-2-19,VAV
3f24dfaa-ee9f-40e5-8f41-22a8324b3b81,ActFlow,1-5-1_ActFlow,1-5-1,VAV
3930e7d5-ddb8-4045-89ac-136d9df3fea7,ActFlow,1-3-9_ActFlow,1-3-9,VAV
baaf4d80-910a-4f4e-ad4a-8d450f0d1095,ActFlow,2-4-24_ActFlow,2-4-24,VAV
150cdbec-2935-44e2-b241-64b58757daf7,ActFlow,1-5-2_ActFlow,1-5-2,VAV
c662efcd-261d-4694-99fa-b6b2528c697c,ActFlow,2-4-16_ActFlow,2-4-16,VAV
c58a5272-67b5-469b-abf2-47c1ae148a81,ActFlow,1-1-2_ActFlow,1-1-2,VAV
4c7f6eba-7358-4728-ba97-0aad5aa34761,ActFlow,1-2-7_ActFlow,1-2-7,VAV
80134146-66f5-4b1d-abec-2910acdbf2f4,ActFlow,2-5-21_ActFlow,2-5-21,VAV
b5a7f4eb-b3c4-4fef-bd10-07640b2652fe,ActFlow,2-1-15_ActFlow,2-1-15,VAV
82d3753b-80b1-455e-9be8-357fc391a779,ActFlow,1-5-11_ActFlow,1-5-11,VAV
6dcb3739-c9e4-465d-bf3b-9fea2405e3d6,ActFlow,2-2-13_ActFlow,2-2-13,VAV
5c27ded5-fb34-4618-9be4-ac4a379f773f,ActFlow,2-1-27_ActFlow,2-1-27,VAV
db5dd071-4ab9-4d0b-b43a-3f0e849b5c58,ActFlow,2-3-16_ActFlow,2-3-16,VAV
7972e781-826e-4d0f-ad0c-7fa616a16e63,ActFlow,1-4-5_ActFlow,1-4-5,VAV
72849147-2b81-4607-ba4f-fd51007cab91,ActFlow,2-2-21_ActFlow,2-2-21,VAV
abb64a81-bf9c-4a73-ba1b-78695fabb698,ActFlow,2-2-16_ActFlow,2-2-16,VAV
afac90e2-04a7-4a74-bbbc-91f39e861882,ActFlow,1-3-5_ActFlow,1-3-5,VAV
d966dc4c-e0be-42be-879f-f56495846b26,ActFlow,2-3-21_ActFlow,2-3-21,VAV
27d1d30d-da3f-408b-a937-b994a00b6301,ActFlow,1-5-7_ActFlow,1-5-7,VAV
28673137-cc18-4720-bcc6-b786a3adebcf,ActFlow,2-4-21_ActFlow,2-4-21,VAV
ef906369-dc3b-4bad-9a09-c57c042551c8,ActFlow,2-1-19_ActFlow,2-1-19,VAV
21eac8a7-05d9-4d49-a43e-6f1ed7a5d78f,ActFlow,1-4-9_ActFlow,1-4-9,VAV
b37a0bd9-bfdb-4638-a6a1-1ba908a01086,ActFlow,2-5-24_ActFlow,2-5-24,VAV
cc77aa9e-72e4-46cc-a3ef-0edb51c8e44d,ActFlow,1-2-2_ActFlow,1-2-2,VAV
b6cfde07-696d-4843-9026-b732d49fe6e1,ActFlow,1-1-7_ActFlow,1-1-7,VAV
a752d35b-5501-486f-9cfa-0fd0acfd3354,SuppliedFanSpeedAHU1,SuppliedFanSpeedAHU1,AHU1,AHU
2e110125-283b-42a5-8bdd-d8a325595529,OutsideTempAHU1,OutsideTempAHU1,AHU1,AHU
75002132-cfe7-4b72-858c-7756f2c66e34,SuppliedFanSpeedAHU2,SuppliedFanSpeedAHU2,AHU2,AHU
dddf2c2b-5bbf-49f4-97c1-ce1fbbc13a76,OutsideTempAHU2,OutsideTempAHU2,AHU2,AHU
56abadf7-2c7e-4461-b11a-911459a71e23,SuppliedTempAHU2,SuppliedTempAHU2,AHU2,AHU
1cadea09-8a9e-40a8-acb7-d5bb7924241a,SuppliedTempAHU1,SuppliedTempAHU1,AHU1,AHU
81137143-b1c7-4e28-8c85-b383d97735a4,boiler_flow,boiler_flow,boiler,boiler
89f12123-bf91-40a9-a215-959b2a8f88a1,boiler_gas,boiler_gas,boiler,boiler
78534063-2ab0-435e-b3c1-e0ebc3e6e799,boiler_returnTemp,boiler_returnTemp,boiler,boiler
a4b91df3-2d4e-473e-90c6-111e39f821f6,boiler_suppliedTemp,boiler_suppliedTemp,boiler,boiler
c214d7fa-9e13-4099-a588-c2e0e76e2dc6,DischargeTemp,1-3-9_DischargeTemp,1-3-9,VAV
53cfcaac-01ef-4359-ae15-e7f6b48cdaf2,DischargeTemp,2-4-14_DischargeTemp,2-4-14,VAV
18e7212b-1351-40e8-b0ac-318c79faee24,DischargeTemp,2-1-20_DischargeTemp,2-1-20,VAV
fa8777e3-9cc6-44cf-b7f6-a06ec9f40e2d,DischargeTemp,2-4-20_DischargeTemp,2-4-20,VAV
b3708760-2e35-495f-9c5b-aeb700bc2735,DischargeTemp,2-1-14_DischargeTemp,2-1-14,VAV
f8fe8ae3-411b-4d57-a179-2d5a4e56b577,DischargeTemp,1-4-8_DischargeTemp,1-4-8,VAV
2a37bf77-15e3-4d6a-90bb-155d5601b237,DischargeTemp,2-2-18_DischargeTemp,2-2-18,VAV
7d823290-9ee8-409c-ba09-7ab7f324469f,DischargeTemp,1-5-12_DischargeTemp,1-5-12,VAV
0a30ae5e-ee99-4ca5-9798-acd22f69da26,DischargeTemp,1-5-8_DischargeTemp,1-5-8,VAV
bc4f577c-4a3e-4710-9b7e-dbb805bec674,DischargeTemp,2-5-22_DischargeTemp,2-5-22,VAV
343731e3-4f75-49ea-b193-de966b39a8cd,DischargeTemp,2-1-11_DischargeTemp,2-1-11,VAV
435f4b97-a05b-45ee-ac6b-abd7d440dbdb,DischargeTemp,2-5-17B_DischargeTemp,2-5-17B,VAV
8ea830ee-9e19-422c-96f5-cf7b14d3ea9d,DischargeTemp,1-3-8_DischargeTemp,1-3-8,VAV
c4fe402e-c993-4e06-b184-ae2ba0b91caf,DischargeTemp,2-4-15_DischargeTemp,2-4-15,VAV
783d050f-0606-4c42-b58b-f79d40b886b9,DischargeTemp,1-5-16_DischargeTemp,1-5-16,VAV
e4a326d1-1405-40a8-8859-c3a696dc5c9d,DischargeTemp,1-2-8_DischargeTemp,1-2-8,VAV
c012649a-31b0-4a10-88c9-5141b2b833ad,DischargeTemp,2-4-21_DischargeTemp,2-4-21,VAV
5f85025a-8a9e-46f6-a9cb-54b84a4a8044,DischargeTemp,2-1-15_DischargeTemp,2-1-15,VAV
49041c38-b6d3-46e0-b270-1a28ec31d593,DischargeTemp,2-2-19_DischargeTemp,2-2-19,VAV
506d99f4-405b-4b3f-9be5-70d165515ee2,DischargeTemp,1-4-9_DischargeTemp,1-4-9,VAV
6660cfa9-15a5-4981-a6af-9ad4d1c04540,DischargeTemp,1-1-8_DischargeTemp,1-1-8,VAV
0ff3e31f-04ea-4d0f-928f-7a9568329b16,DischargeTemp,1-5-13_DischargeTemp,1-5-13,VAV
dcb92466-1c60-4b4c-a6b8-709d24ac355a,DischargeTemp,2-5-23_DischargeTemp,2-5-23,VAV
5202ff20-4e60-4760-8a36-e07636081355,DischargeTemp,1-5-9_DischargeTemp,1-5-9,VAV
33cdb124-d020-4966-998c-127dd80b3c7d,DischargeTemp,2-4-24_DischargeTemp,2-4-24,VAV
f387e0c5-2979-4353-a362-582110aa0d6c,DischargeTemp,2-4-16_DischargeTemp,2-4-16,VAV
0b0f38db-cf93-4ff0-81d3-0de80e4e90f6,DischargeTemp,2-3-18_DischargeTemp,2-3-18,VAV
fcde8a6f-23c2-47f7-b8b0-a09c33ac87bf,DischargeTemp,2-5-25_DischargeTemp,2-5-25,VAV
248e2d70-cbc8-42ae-8e93-ee773bc2915a,DischargeTemp,2-1-16_DischargeTemp,2-1-16,VAV
d67a84cf-7afd-4848-aa56-40330cd15bd3,DischargeTemp,2-1-27_DischargeTemp,2-1-27,VAV
2b1befd6-0e11-4429-b818-4bfc01b5c70c,DischargeTemp,1-5-10_DischargeTemp,1-5-10,VAV
7ce4d9b4-f787-4781-b98c-e6a29222b3b4,DischargeTemp,2-5-20_DischargeTemp,2-5-20,VAV
19835836-184f-4b27-9a4b-b91db0c27695,DischargeTemp,2-1-13_DischargeTemp,2-1-13,VAV
97efba35-ccd8-4796-bc17-774f2fb2dbc9,DischargeTemp,2-4-17_DischargeTemp,2-4-17,VAV
f9baa2b7-b2de-4b14-ad14-c97f16912162,DischargeTemp,2-3-19_DischargeTemp,2-3-19,VAV
bed33b20-1140-46cc-892b-8c8a148cae83,DischargeTemp,2-5-24_DischargeTemp,2-5-24,VAV
e59ed92d-f33d-4866-aba4-9edcff4f02e2,DischargeTemp,2-1-17_DischargeTemp,2-1-17,VAV
a1447035-0330-48c4-b2ba-585b5f1bcdea,DischargeTemp,1-5-11_DischargeTemp,1-5-11,VAV
76fc1ddf-c196-4c53-b258-ad96705e231a,DischargeTemp,2-5-21_DischargeTemp,2-5-21,VAV
91453578-d2fb-4712-a1b4-0f8805b0ac86,DischargeTemp,2-1-12_DischargeTemp,2-1-12,VAV
3808a56b-deac-479e-be5a-c6551d67f783,DischargeTemp,2-3-15_DischargeTemp,2-3-15,VAV
9cebbac1-be31-47fd-b6a0-6d30ecda50a1,DischargeTemp,1-1-3_DischargeTemp,1-1-3,VAV
4ab5644e-638c-43ab-adf5-7d3b373b5b8b,DischargeTemp,1-4-2_DischargeTemp,1-4-2,VAV
c8a2e0a1-b239-47eb-b178-d21d794fa2be,DischargeTemp,2-2-12_DischargeTemp,2-2-12,VAV
c27853f9-5b02-441a-8077-5b4df7c27021,DischargeTemp,1-3-6_DischargeTemp,1-3-6,VAV
1320ee13-41ac-41b0-8c93-4ca10fbb646b,DischargeTemp,2-3-21_DischargeTemp,2-3-21,VAV
9ef5fbff-7d8b-46d8-9c83-09907265dd44,DischargeTemp,1-2-6_DischargeTemp,1-2-6,VAV
9a54c78e-78f8-4fc4-91a4-5d5e173e6ee4,DischargeTemp,1-5-2_DischargeTemp,1-5-2,VAV
2bc139e4-1e8c-4c88-b07c-88a061a49d2d,DischargeTemp,1-1-6_DischargeTemp,1-1-6,VAV
9f05a836-77c6-4a5e-b050-d1a722bbf5d2,DischargeTemp,1-3-3_DischargeTemp,1-3-3,VAV
477e61c1-9359-4b63-8b75-bed2db6990f9,DischargeTemp,2-5-19_DischargeTemp,2-5-19,VAV
f797abf8-87d5-46ce-be21-e08c4a7f8aab,DischargeTemp,2-2-17_DischargeTemp,2-2-17,VAV
cf0e4e03-93d5-4e95-94ce-361877f7aa17,DischargeTemp,1-4-7_DischargeTemp,1-4-7,VAV
3684ca72-39e9-4564-a95f-5c021bc6ff4c,DischargeTemp,1-5-7_DischargeTemp,1-5-7,VAV
934c8f03-a341-462b-9d70-c663e4badd44,DischargeTemp,1-2-3_DischargeTemp,1-2-3,VAV
f1bece0c-af08-4201-bad7-8ea4083c295e,DischargeTemp,2-3-14_DischargeTemp,2-3-14,VAV
6d6cf7ff-017e-42ce-9ee3-78e2cc7c09ce,DischargeTemp,1-1-2_DischargeTemp,1-1-2,VAV
f58d016a-7e4e-4492-aabc-a720cbde1b29,DischargeTemp,2-2-13_DischargeTemp,2-2-13,VAV
be52a931-18bb-45be-b7c2-882d251fa83c,DischargeTemp,1-3-10_DischargeTemp,1-3-10,VAV
1165a254-e8c7-45a9-9b5b-40fff90c5996,DischargeTemp,1-4-3_DischargeTemp,1-4-3,VAV
6ea08784-ff03-4530-a8a1-2e39926a4d5e,DischargeTemp,1-3-7_DischargeTemp,1-3-7,VAV
4e20e863-ca9e-4105-b2d1-315793af12a7,DischargeTemp,2-3-20_DischargeTemp,2-3-20,VAV
2ba7e4fb-914f-4d6c-9b16-d486ced51aa7,DischargeTemp,2-B-1_DischargeTemp,2-B-1,VAV
b48ff55d-b2d7-4efe-8019-160f55f7b07a,DischargeTemp,1-2-7_DischargeTemp,1-2-7,VAV
f6c13945-47eb-498e-87e0-772adc3be999,DischargeTemp,1-5-3_DischargeTemp,1-5-3,VAV
1d6c57a6-7548-43bc-93f3-8d808d7137ed,DischargeTemp,1-1-7_DischargeTemp,1-1-7,VAV
a5bf261b-65c4-4565-be67-33c45a3b6038,DischargeTemp,1-3-2_DischargeTemp,1-3-2,VAV
ea396fb3-db27-40ed-a11d-768d9853091c,DischargeTemp,1-4-6_DischargeTemp,1-4-6,VAV
c08d5196-d16e-4f08-8e8e-a86fc73c68b6,DischargeTemp,2-2-16_DischargeTemp,2-2-16,VAV
518f33d2-d4a4-457b-8a63-79f05acd4a9a,DischargeTemp,1-5-6_DischargeTemp,1-5-6,VAV
2dcad37d-4308-4c9a-a5ed-8cf728bff56a,DischargeTemp,2-2-22_DischargeTemp,2-2-22,VAV
6cd89ea7-40e8-4e2a-ad40-6ed08b74ed0c,DischargeTemp,1-2-2_DischargeTemp,1-2-2,VAV
d8ddaa07-0557-4240-b2ee-2a63187dbd63,DischargeTemp,2-3-17_DischargeTemp,2-3-17,VAV
8571dc53-ff25-4a43-a280-74b247cf27b6,DischargeTemp,2-4-19_DischargeTemp,2-4-19,VAV
a65c7155-95d2-4558-b0ba-9fc39bb20dec,DischargeTemp,1-1-1_DischargeTemp,1-1-1,VAV
0bbff594-ab96-463a-b845-1166774a5cd5,DischargeTemp,1-3-4_DischargeTemp,1-3-4,VAV
0a1c5b24-54ec-4210-8193-1f4ca1f71ef7,DischargeTemp,2-1-19_DischargeTemp,2-1-19,VAV
7543b793-f3bb-479a-9ce7-ccf64d51148a,DischargeTemp,1-2-4_DischargeTemp,1-2-4,VAV
92de5c6c-5601-4262-bf47-110514d670cc,DischargeTemp,1-1-4_DischargeTemp,1-1-4,VAV
ec9b2390-0168-4fb1-9fed-44ec2e37a4c4,DischargeTemp,1-3-1_DischargeTemp,1-3-1,VAV
5b10f072-1633-4a55-82a3-447fc8e2b70d,DischargeTemp,1-4-5_DischargeTemp,1-4-5,VAV
f33f5701-78ae-4a19-9108-97a722ee0ede,DischargeTemp,2-2-15_DischargeTemp,2-2-15,VAV
b46a405e-9d8a-4877-9693-a22940878502,DischargeTemp,1-5-5_DischargeTemp,1-5-5,VAV
9e9f49a9-49e4-4ee4-90f5-7026fc5d2207,DischargeTemp,1-2-1_DischargeTemp,1-2-1,VAV
911b3441-1f74-4d4d-9c13-956cbd3e590f,DischargeTemp,2-2-21_DischargeTemp,2-2-21,VAV
ca81613c-2e3f-4534-ba41-38779a387e66,DischargeTemp,2-3-16_DischargeTemp,2-3-16,VAV
2f900541-174b-4148-9f9f-732cfcd18bdb,DischargeTemp,2-4-18_DischargeTemp,2-4-18,VAV
e0c04a45-ad26-4af4-8030-13540360d06c,DischargeTemp,1-4-1_DischargeTemp,1-4-1,VAV
ceaec870-5170-4fef-85e9-678434dc0e90,DischargeTemp,1-3-5_DischargeTemp,1-3-5,VAV
1aa30a62-f380-4dde-91bd-5552124d3fa4,DischargeTemp,2-3-22_DischargeTemp,2-3-22,VAV
b5a6334c-123f-4cf7-bb3e-debe5329d793,DischargeTemp,2-1-18_DischargeTemp,2-1-18,VAV
e89a9c74-01bb-4fb8-a312-429bc976b846,DischargeTemp,2-4-17A_DischargeTemp,2-4-17A,VAV
b31a939c-5e38-4efc-ad1e-187b7703cfec,DischargeTemp,1-2-5_DischargeTemp,1-2-5,VAV
38d8561f-eaf2-4ec7-8036-5e906facf39c,DischargeTemp,1-5-1_DischargeTemp,1-5-1,VAV
90caa7e8-89c6-4ca5-a184-a4a1b172f9ce,DischargeTemp,1-1-5_DischargeTemp,1-1-5,VAV
dfb13fdf-033d-4885-8ac3-f821a241e2e1,DischargeTemp,2-2-14_DischargeTemp,2-2-14,VAV
b5ea5a01-5c7c-4698-8068-3573166b0365,DischargeTemp,1-4-4_DischargeTemp,1-4-4,VAV
b9d9d4e9-7883-4f11-9984-c4c397785350,DischargeTemp,1-5-4_DischargeTemp,1-5-4,VAV
aae275c1-918a-4842-9893-911414634950,DischargeTemp,2-2-20_DischargeTemp,2-2-20,VAV
da5cc505-3449-42b9-b58e-b5d0e72d4d8c,MaxFlowHeatSP,2-1-27_MaxFlowHeatSP,2-1-27,VAV
dde16227-5564-4b1d-9494-6193e5a4b449,MaxFlowHeatSP,1-5-10_MaxFlowHeatSP,1-5-10,VAV
65b1a418-7ddd-4dc9-ac20-e2444dddf303,MaxFlowHeatSP,2-5-20_MaxFlowHeatSP,2-5-20,VAV
974fea81-63de-4033-bb09-925d67bc66ce,MaxFlowHeatSP,2-1-13_MaxFlowHeatSP,2-1-13,VAV
66018cab-b2e1-4ad6-ac06-b71f787ec265,MaxFlowHeatSP,2-4-16_MaxFlowHeatSP,2-4-16,VAV
8fa3e6e5-1829-4668-872e-dbdd1c8aa7f8,MaxFlowHeatSP,2-3-18_MaxFlowHeatSP,2-3-18,VAV
fd0224a7-d6fe-42e0-803b-11ff4c4fd9aa,MaxFlowHeatSP,2-5-25_MaxFlowHeatSP,2-5-25,VAV
b0728981-b81b-4f97-9451-37540cc6a4af,MaxFlowHeatSP,2-1-16_MaxFlowHeatSP,2-1-16,VAV
74db7dea-af84-457d-a5c6-658409b6cde5,MaxFlowHeatSP,1-5-11_MaxFlowHeatSP,1-5-11,VAV
6aec7a37-86c9-465d-97fa-9d46b75928d5,MaxFlowHeatSP,2-5-21_MaxFlowHeatSP,2-5-21,VAV
85515657-d893-4ffe-9a6a-5daf8f5ab85e,MaxFlowHeatSP,2-1-12_MaxFlowHeatSP,2-1-12,VAV
88d318a6-fa0e-4128-93be-a80f3111ed28,MaxFlowHeatSP,2-4-17_MaxFlowHeatSP,2-4-17,VAV
c3464ae6-3e82-4ffd-a85f-5e0e4bd6831b,MaxFlowHeatSP,2-3-19_MaxFlowHeatSP,2-3-19,VAV
1cf2306c-adc9-467d-98c6-2d1394195014,MaxFlowHeatSP,2-5-24_MaxFlowHeatSP,2-5-24,VAV
559f8156-1a94-47f4-8d34-ed577e8bf5ba,MaxFlowHeatSP,2-1-17_MaxFlowHeatSP,2-1-17,VAV
fd47c511-2ead-4aca-91f6-625d0400e794,MaxFlowHeatSP,2-2-18_MaxFlowHeatSP,2-2-18,VAV
b2022bba-c814-431c-b7c8-a5d9544b6bfc,MaxFlowHeatSP,1-4-8_MaxFlowHeatSP,1-4-8,VAV
b7c386b3-6f99-46ad-a1af-023d72fc4b4c,MaxFlowHeatSP,1-5-12_MaxFlowHeatSP,1-5-12,VAV
efef5139-eb41-403d-b669-a673c525c5a5,MaxFlowHeatSP,2-5-22_MaxFlowHeatSP,2-5-22,VAV
8bc5e401-9dc7-4b1e-84cc-78184fe59543,MaxFlowHeatSP,1-5-8_MaxFlowHeatSP,1-5-8,VAV
d1bbaa6c-acbe-4fb0-a05c-a2d598cae4b3,MaxFlowHeatSP,2-1-11_MaxFlowHeatSP,2-1-11,VAV
db82bab8-bed6-474a-a25b-9b92611bb296,MaxFlowHeatSP,2-5-17B_MaxFlowHeatSP,2-5-17B,VAV
e3c6abab-275b-4540-8983-b1cb8de5df70,MaxFlowHeatSP,1-3-9_MaxFlowHeatSP,1-3-9,VAV
088e4336-83f0-4f83-b67d-d0e31100c628,MaxFlowHeatSP,2-4-14_MaxFlowHeatSP,2-4-14,VAV
611a5fd4-3c1f-49a2-bd67-f2889387ba0f,MaxFlowHeatSP,2-1-20_MaxFlowHeatSP,2-1-20,VAV
2ced4517-4753-418a-8f4f-31398dafc02e,MaxFlowHeatSP,2-4-20_MaxFlowHeatSP,2-4-20,VAV
4f1db341-aaa5-4c99-9775-bf19ccf879f9,MaxFlowHeatSP,2-1-14_MaxFlowHeatSP,2-1-14,VAV
140b47ce-1514-4d1f-9a7a-8c7a5ec7a561,MaxFlowHeatSP,1-4-9_MaxFlowHeatSP,1-4-9,VAV
64008e3d-4468-45e1-92ad-82d6673d1ac6,MaxFlowHeatSP,2-2-19_MaxFlowHeatSP,2-2-19,VAV
301730a6-e766-42be-9a44-3a6ef0626c7f,MaxFlowHeatSP,1-5-13_MaxFlowHeatSP,1-5-13,VAV
996740ee-9992-4faa-bbc9-11f07cac59e1,MaxFlowHeatSP,1-1-8_MaxFlowHeatSP,1-1-8,VAV
d6e53f66-1065-47b5-8f46-fe17cce3acb2,MaxFlowHeatSP,1-5-9_MaxFlowHeatSP,1-5-9,VAV
0cb38c1a-bc93-4246-b31a-622d591e99e0,MaxFlowHeatSP,2-5-23_MaxFlowHeatSP,2-5-23,VAV
090471df-56ce-4762-8659-e8bb3175b48b,MaxFlowHeatSP,2-4-24_MaxFlowHeatSP,2-4-24,VAV
cf40ee27-f124-4ab1-90d7-a385a6860dba,MaxFlowHeatSP,1-3-8_MaxFlowHeatSP,1-3-8,VAV
6840eb1d-029b-4ace-afba-62856b92469f,MaxFlowHeatSP,1-5-16_MaxFlowHeatSP,1-5-16,VAV
23a0214b-4498-40b2-8afb-81af2b3c3895,MaxFlowHeatSP,2-4-15_MaxFlowHeatSP,2-4-15,VAV
0365d8ad-1156-4eec-b5c8-3ad6fd74cff0,MaxFlowHeatSP,1-2-8_MaxFlowHeatSP,1-2-8,VAV
49a77258-accd-44fb-a259-79888492abfd,MaxFlowHeatSP,2-4-21_MaxFlowHeatSP,2-4-21,VAV
712b60a0-e9a9-425d-ad07-370ee9129629,MaxFlowHeatSP,2-1-15_MaxFlowHeatSP,2-1-15,VAV
745d12a8-a027-4877-ad04-4bf838accc1b,MaxFlowHeatSP,1-1-4_MaxFlowHeatSP,1-1-4,VAV
f41672b9-e5a2-450f-9bec-0678802a0ee1,MaxFlowHeatSP,1-3-1_MaxFlowHeatSP,1-3-1,VAV
942eff50-cf26-4549-84f7-4f5e13cd9d43,MaxFlowHeatSP,2-2-15_MaxFlowHeatSP,2-2-15,VAV
e4c957a8-a8d4-468c-8e5c-082bcba1bed0,MaxFlowHeatSP,1-4-5_MaxFlowHeatSP,1-4-5,VAV
2b4e102b-2eae-48be-93f7-03667b9db2a9,MaxFlowHeatSP,1-5-5_MaxFlowHeatSP,1-5-5,VAV
94832707-9416-483e-a78a-24e551d91ce7,MaxFlowHeatSP,2-2-21_MaxFlowHeatSP,2-2-21,VAV
11ae9a3a-a732-47d8-9884-fc8ad5262867,MaxFlowHeatSP,1-2-1_MaxFlowHeatSP,1-2-1,VAV
942335a3-84b8-4058-857b-81afd3e6b46d,MaxFlowHeatSP,2-3-17_MaxFlowHeatSP,2-3-17,VAV
e2b35501-b984-4973-b5f5-5c0a5c935c62,MaxFlowHeatSP,1-1-1_MaxFlowHeatSP,1-1-1,VAV
0ccf9d2b-82ae-40c7-9e82-9c6896641d0d,MaxFlowHeatSP,2-4-19_MaxFlowHeatSP,2-4-19,VAV
c7bd32a1-d5b4-4da6-ba2d-3791fef822ff,MaxFlowHeatSP,1-3-4_MaxFlowHeatSP,1-3-4,VAV
417b2e5b-9e98-4679-aa73-8594a3f373ab,MaxFlowHeatSP,2-1-19_MaxFlowHeatSP,2-1-19,VAV
ad07a668-a50d-4ad9-a17a-f6c921dc774e,MaxFlowHeatSP,1-2-4_MaxFlowHeatSP,1-2-4,VAV
027a40ac-508e-432e-8aa0-7029bd4b34e2,MaxFlowHeatSP,1-1-5_MaxFlowHeatSP,1-1-5,VAV
9584afee-a389-482f-abcf-5eae9d82e443,MaxFlowHeatSP,1-4-4_MaxFlowHeatSP,1-4-4,VAV
66582d87-d9cf-4652-a573-d2817bb7a0fe,MaxFlowHeatSP,2-2-14_MaxFlowHeatSP,2-2-14,VAV
32fe71af-fdb9-4b1e-88d6-eb989263d906,MaxFlowHeatSP,1-5-4_MaxFlowHeatSP,1-5-4,VAV
ba96fed4-67dd-4ba1-8dd9-0caaa0c4fe8b,MaxFlowHeatSP,2-2-20_MaxFlowHeatSP,2-2-20,VAV
fbd3694b-c267-4b4b-b33a-f43b26f4089e,MaxFlowHeatSP,2-3-16_MaxFlowHeatSP,2-3-16,VAV
c2c16336-c424-4785-a366-aefb4047d954,MaxFlowHeatSP,2-4-18_MaxFlowHeatSP,2-4-18,VAV
38c00393-29b8-4450-a094-9c2b6b326dca,MaxFlowHeatSP,1-4-1_MaxFlowHeatSP,1-4-1,VAV
714fe3a5-3d13-43fc-947e-ba7b9181e05d,MaxFlowHeatSP,1-3-5_MaxFlowHeatSP,1-3-5,VAV
a3010896-9d03-4717-94b8-7f31ee95f75e,MaxFlowHeatSP,2-1-18_MaxFlowHeatSP,2-1-18,VAV
e9b82d9a-121f-44c8-b32d-c16ed717a1ad,MaxFlowHeatSP,2-3-22_MaxFlowHeatSP,2-3-22,VAV
83539811-fb4a-4f59-84a4-6c4b889901b3,MaxFlowHeatSP,2-4-17A_MaxFlowHeatSP,2-4-17A,VAV
ad964c26-e15e-404b-bb25-7ffaee2c1431,MaxFlowHeatSP,1-2-5_MaxFlowHeatSP,1-2-5,VAV
bf2d9608-f1ef-4737-b670-f65e3b0e530e,MaxFlowHeatSP,1-5-1_MaxFlowHeatSP,1-5-1,VAV
0cd8118c-b11f-418c-8540-39e6dfde729d,MaxFlowHeatSP,1-1-6_MaxFlowHeatSP,1-1-6,VAV
a208489b-3a83-4768-9456-36f9b3253c2c,MaxFlowHeatSP,2-5-19_MaxFlowHeatSP,2-5-19,VAV
237f6b87-f94b-4513-82b7-d18c2021034b,MaxFlowHeatSP,1-3-3_MaxFlowHeatSP,1-3-3,VAV
e0b02a03-91cc-4d18-824d-9fcb62cc889c,MaxFlowHeatSP,1-4-7_MaxFlowHeatSP,1-4-7,VAV
47e59cea-cb51-4e03-88ea-11e911b40fa5,MaxFlowHeatSP,2-2-17_MaxFlowHeatSP,2-2-17,VAV
bc5c534a-ffed-4200-b4c7-0a70ebc62fb2,MaxFlowHeatSP,1-5-7_MaxFlowHeatSP,1-5-7,VAV
afc529c9-d0aa-4a1d-8d18-f3ce53258575,MaxFlowHeatSP,1-2-3_MaxFlowHeatSP,1-2-3,VAV
172e04ce-40f3-4763-925e-c0c1835a0cc4,MaxFlowHeatSP,2-3-15_MaxFlowHeatSP,2-3-15,VAV
2b732166-f113-43d1-bd27-4b02414619c7,MaxFlowHeatSP,1-1-3_MaxFlowHeatSP,1-1-3,VAV
d1bea992-405c-4e5e-a315-579a0d351175,MaxFlowHeatSP,2-2-12_MaxFlowHeatSP,2-2-12,VAV
9cd6ce0a-62ba-4973-b1be-58a8119f6b72,MaxFlowHeatSP,1-4-2_MaxFlowHeatSP,1-4-2,VAV
752e311e-138a-4fab-aaa9-6b9b8d2d4e71,MaxFlowHeatSP,1-3-6_MaxFlowHeatSP,1-3-6,VAV
4b3fca8b-b382-4f48-830a-b10662925e87,MaxFlowHeatSP,2-3-21_MaxFlowHeatSP,2-3-21,VAV
712d094f-381f-4c51-88ee-4544af9bff79,MaxFlowHeatSP,1-2-6_MaxFlowHeatSP,1-2-6,VAV
76327a1c-cc27-4998-a8e0-36785f532927,MaxFlowHeatSP,1-5-2_MaxFlowHeatSP,1-5-2,VAV
7707705a-4989-454a-8a9f-ae43c9508b66,MaxFlowHeatSP,1-1-7_MaxFlowHeatSP,1-1-7,VAV
96f0a616-3203-4dc7-aa74-3fbe9e9112ee,MaxFlowHeatSP,1-3-2_MaxFlowHeatSP,1-3-2,VAV
70949619-bc8a-4700-88f4-29b22e6e03f1,MaxFlowHeatSP,2-2-16_MaxFlowHeatSP,2-2-16,VAV
a0ec584a-758b-424d-a25d-e143ea20bc52,MaxFlowHeatSP,1-4-6_MaxFlowHeatSP,1-4-6,VAV
18cd7631-ed7a-4b70-8948-6a4df87b1af3,MaxFlowHeatSP,1-5-6_MaxFlowHeatSP,1-5-6,VAV
14b42a11-059a-41ee-8431-d18f69f8bf6b,MaxFlowHeatSP,1-2-2_MaxFlowHeatSP,1-2-2,VAV
bd2b68d3-77a2-42d1-be37-22777deb1692,MaxFlowHeatSP,2-2-22_MaxFlowHeatSP,2-2-22,VAV
a1bfb101-3c09-40c9-95e5-345efcf4f976,MaxFlowHeatSP,2-3-14_MaxFlowHeatSP,2-3-14,VAV
d4f5cef7-5f8a-4bdd-9641-5cd75717ee71,MaxFlowHeatSP,1-1-2_MaxFlowHeatSP,1-1-2,VAV
61ec925a-dd81-48e5-a17a-a0f04da55047,MaxFlowHeatSP,1-4-3_MaxFlowHeatSP,1-4-3,VAV
553af831-2b90-4669-828d-306e1a9af483,MaxFlowHeatSP,1-3-10_MaxFlowHeatSP,1-3-10,VAV
5b5244a8-90fb-4616-b142-e04079bdddaa,MaxFlowHeatSP,2-2-13_MaxFlowHeatSP,2-2-13,VAV
df176ae2-d048-4fa7-8943-bdbc9ab0dab6,MaxFlowHeatSP,1-3-7_MaxFlowHeatSP,1-3-7,VAV
51ce12d7-9003-46e5-be12-410eccb41ea7,MaxFlowHeatSP,2-3-20_MaxFlowHeatSP,2-3-20,VAV
56af26bb-c9f7-4c3e-9458-e268396d75f7,MaxFlowHeatSP,2-B-1_MaxFlowHeatSP,2-B-1,VAV
5a4da092-6744-400b-b78d-801696374585,MaxFlowHeatSP,1-2-7_MaxFlowHeatSP,1-2-7,VAV
7290efcc-4f11-469c-b3b6-316e2779d449,MaxFlowHeatSP,1-5-3_MaxFlowHeatSP,1-5-3,VAV
6ff099a0-5b4b-485c-8bb2-c2d34ad303dc,Reheat,2-1-11_Reheat,2-1-11,VAV
ae855939-8201-49ec-9789-ebc8dd718c7e,Reheat,1-5-10_Reheat,1-5-10,VAV
100b7c86-97c1-4fdb-9771-62ed8078aef5,Reheat,1-4-8_Reheat,1-4-8,VAV
69087ff9-b0a5-41e7-b8ae-1794c7aed558,Reheat,2-3-20_Reheat,2-3-20,VAV
f8ddc743-25bf-4631-9880-772d67357472,Reheat,2-3-17_Reheat,2-3-17,VAV
231bc3d1-a831-4414-a34f-f4c5189d0b5e,Reheat,1-3-8_Reheat,1-3-8,VAV
049e0f45-bbba-4e21-b89f-a3eeafbfb908,Reheat,2-2-14_Reheat,2-2-14,VAV
e6e469e0-a371-4eac-a2e2-26d3e99f0500,Reheat,1-3-5_Reheat,1-3-5,VAV
8072b8de-dd0f-4700-9584-e1037b8c8fba,Reheat,2-2-19_Reheat,2-2-19,VAV
b4f0e941-b149-4c80-9b6b-a3d6115625ac,Reheat,1-4-5_Reheat,1-4-5,VAV
d50cfdc2-4a60-4168-ae39-8604ba3ad681,Reheat,1-1-6_Reheat,1-1-6,VAV
b435f6fe-37c1-47d2-a1fb-a9b639424765,Reheat,2-1-19_Reheat,2-1-19,VAV
ec032f1a-9701-41f1-abfc-2b123cad83ac,Reheat,2-5-19_Reheat,2-5-19,VAV
c493c40b-62a7-4337-ade6-bd272caf520c,Reheat,1-2-8_Reheat,1-2-8,VAV
2e9de75a-cf10-42e7-b308-54af4918ef26,Reheat,1-1-3_Reheat,1-1-3,VAV
425066cf-0c8a-4bf5-b81b-76dd06a1af94,Reheat,1-5-8_Reheat,1-5-8,VAV
44cadaac-6bc2-418d-b0d1-5aebe6a2b166,Reheat,2-1-14_Reheat,2-1-14,VAV
0bba550c-4c1d-41e2-84ab-cc692b053f7c,Reheat,1-5-5_Reheat,1-5-5,VAV
a5332c63-ede9-490f-8db0-d54225b85c6c,Reheat,1-2-5_Reheat,1-2-5,VAV
3caf1ce6-85fe-4b71-8c7a-56b0714f20ab,Reheat,2-4-20_Reheat,2-4-20,VAV
847ace9a-681c-460f-93c2-ad4cb7a66dc3,Reheat,2-4-17_Reheat,2-4-17,VAV
754a16b1-3a3e-42a4-b963-4ec9a3a06d24,Reheat,2-5-23_Reheat,2-5-23,VAV
c05c268a-562a-4554-abf3-0f767ebad520,Reheat,2-5-17B_Reheat,2-5-17B,VAV
54919c1a-8591-48cf-9594-ce333c851c1e,Reheat,2-5-24_Reheat,2-5-24,VAV
4f3a875c-2318-48f4-b5cd-ae1b510d5b91,Reheat,1-5-2_Reheat,1-5-2,VAV
5b316a39-25bd-4348-afc2-5b656ae2d520,Reheat,1-2-2_Reheat,1-2-2,VAV
b7601244-8034-4eda-8200-fa2f81297034,Reheat,2-1-13_Reheat,2-1-13,VAV
52b7568e-deae-4857-a22a-fdc70c530920,Reheat,1-5-12_Reheat,1-5-12,VAV
3ea4ec3b-8fb2-4c43-b32b-a66ee4b6da29,Reheat,2-3-15_Reheat,2-3-15,VAV
c4ec7b8c-9ab0-494d-a8c4-264655ea1516,Reheat,2-3-22_Reheat,2-3-22,VAV
7ce99cef-d244-4bc9-885b-14886993f918,Reheat,2-2-16_Reheat,2-2-16,VAV
1598e0a3-5e75-421b-8171-81f039efd67e,Reheat,2-2-21_Reheat,2-2-21,VAV
5d03d979-f4f4-4241-ad12-b160eafacdd3,Reheat,1-1-4_Reheat,1-1-4,VAV
264cb356-359d-4d1f-9672-4447d88cc336,Reheat,1-3-7_Reheat,1-3-7,VAV
146c3b4a-dfe7-43ec-a42a-b3ed96442d83,Reheat,2-3-18_Reheat,2-3-18,VAV
7b71f7d3-6200-4870-b807-7d24f49c6570,Reheat,1-4-7_Reheat,1-4-7,VAV
e6572366-64fc-44e6-b1ea-1cde548554d3,Reheat,2-4-18_Reheat,2-4-18,VAV
09ac7730-9b6f-4ef7-b997-ba4ad2140dbf,Reheat,1-1-1_Reheat,1-1-1,VAV
df9e108d-f71a-4718-a6f2-613cad37a125,Reheat,1-3-2_Reheat,1-3-2,VAV
25015a9c-28ba-4b9f-b37b-4754c6a54619,Reheat,1-4-2_Reheat,1-4-2,VAV
5afc918c-385c-45fc-b196-496d5415a4e4,Reheat,1-5-7_Reheat,1-5-7,VAV
85cf3c79-9716-4e8c-aec1-c5c5469fbc61,Reheat,1-2-7_Reheat,1-2-7,VAV
9a351e57-f85f-4149-bb66-32a4eaf568ac,Reheat,2-4-15_Reheat,2-4-15,VAV
4a5ded90-63ab-4f32-964e-6b6667680bea,Reheat,2-5-21_Reheat,2-5-21,VAV
9163a18b-9525-4c42-914a-d6460eb3f5d4,Reheat,2-2-13_Reheat,2-2-13,VAV
9e82dfd7-95fd-41cc-964a-b15605198c23,Reheat,2-1-16_Reheat,2-1-16,VAV
214b807d-92d8-4281-aec2-b1f840e38192,Reheat,1-3-1_Reheat,1-3-1,VAV
bad0e3a0-49a8-43d7-944a-cc0abf0a6f6a,Reheat,1-4-1_Reheat,1-4-1,VAV
f71a39e1-5386-41b4-9721-9d61a233a5e8,Reheat,2-1-18_Reheat,2-1-18,VAV
971f063b-a8fb-4298-9d3a-fb4ab8d9f5d4,Reheat,1-1-2_Reheat,1-1-2,VAV
3ddef207-adc4-4884-bf1d-a2a4faf4c8ef,Reheat,1-5-9_Reheat,1-5-9,VAV
a9c85646-238b-4204-8034-aa1e9be51c50,Reheat,2-1-15_Reheat,2-1-15,VAV
de9a7e9b-1465-4a6f-8c44-073051bb880b,Reheat,2-4-17A_Reheat,2-4-17A,VAV
d41cbece-24db-46ea-987f-9e68f44a51fd,Reheat,2-4-21_Reheat,2-4-21,VAV
73f98c21-d5f2-4635-86bc-9c9f56865375,Reheat,2-4-16_Reheat,2-4-16,VAV
70969014-0dd7-4f0d-8637-28546d72eec1,Reheat,2-5-22_Reheat,2-5-22,VAV
7d9bbbe6-391b-4c5a-8d78-ac5b7ee2a324,Reheat,1-5-4_Reheat,1-5-4,VAV
6a34ad1f-ea9a-4b3d-b7b0-e39a877f008d,Reheat,2-B-1_Reheat,2-B-1,VAV
18f87b89-776b-494e-9c39-d5b037da7364,Reheat,1-2-4_Reheat,1-2-4,VAV
f2ec945c-775e-4e51-b058-36886e72b40e,Reheat,2-3-21_Reheat,2-3-21,VAV
2a1fe036-f35b-4adf-9dfe-0225855364e0,Reheat,1-4-9_Reheat,1-4-9,VAV
045a286f-cfc8-460e-b22f-b08e555dbd73,Reheat,2-3-16_Reheat,2-3-16,VAV
ffdbe2a6-982d-489c-800e-a9b1525abc6f,Reheat,2-2-22_Reheat,2-2-22,VAV
81b6ef34-6ab9-4670-bd2a-4169fc843f5b,Reheat,1-3-9_Reheat,1-3-9,VAV
388b070b-07ef-47a4-bfc4-1be660e665c8,Reheat,2-2-15_Reheat,2-2-15,VAV
22f76ee1-5667-43a1-a67d-cdee1881abd7,Reheat,2-1-27_Reheat,2-1-27,VAV
ae7bdd52-8f27-4ec4-a2b0-4443d19976da,Reheat,1-5-11_Reheat,1-5-11,VAV
e3404f02-ab94-49e8-b878-5e2bb999801e,Reheat,1-5-1_Reheat,1-5-1,VAV
ab788103-6e4e-457c-917d-b48c1a5c3a6b,Reheat,1-2-1_Reheat,1-2-1,VAV
3c753e93-6eb5-4d8c-b9ad-144605565191,Reheat,2-4-24_Reheat,2-4-24,VAV
de8ddc6d-e261-43e3-9bd0-2bb725b3c42f,Reheat,1-3-4_Reheat,1-3-4,VAV
2a0516d2-5958-4c51-a544-fd28c909ef64,Reheat,2-2-18_Reheat,2-2-18,VAV
506d83e0-a79a-45bf-921c-7cc2d1043644,Reheat,1-4-4_Reheat,1-4-4,VAV
5af6680e-a9a1-4be8-b394-1fabc7daca1c,Reheat,1-1-7_Reheat,1-1-7,VAV
f00a67e4-4646-4efc-ae12-7a87236358f9,Reheat,2-4-19_Reheat,2-4-19,VAV
c9366fc8-14b1-41cd-b7ce-172423240599,Reheat,1-3-3_Reheat,1-3-3,VAV
fbdb6ba2-8712-4e90-9bc4-a69c680776ac,Reheat,1-4-3_Reheat,1-4-3,VAV
0c346cd5-b1bc-4bd8-aee4-e5018fe28808,Reheat,2-4-14_Reheat,2-4-14,VAV
6a8f9de2-88aa-42bd-b468-a60d6b89ed6e,Reheat,2-5-20_Reheat,2-5-20,VAV
49d161c0-430f-4dd8-badf-c2c06d056995,Reheat,1-3-10_Reheat,1-3-10,VAV
79c4c9c1-6c45-4231-8864-41c85c689d55,Reheat,1-5-6_Reheat,1-5-6,VAV
64548bb6-4aa4-4dff-b682-3c90b5da4db4,Reheat,1-2-6_Reheat,1-2-6,VAV
8d88b9f9-1540-481e-ab76-a6366c48e819,Reheat,2-1-20_Reheat,2-1-20,VAV
02a1e8a4-2181-4ab1-9945-a80707afd16d,Reheat,2-1-17_Reheat,2-1-17,VAV
d0c18023-ef35-4ad4-9c4a-bbeb8986be87,Reheat,1-5-16_Reheat,1-5-16,VAV
30b74a83-edd4-464f-bcb3-1951a9451d03,Reheat,2-2-12_Reheat,2-2-12,VAV
c3613620-c908-4fe5-a337-836ef95fb4c5,Reheat,1-5-3_Reheat,1-5-3,VAV
c11359f5-b7b9-42a4-8e8c-220497476fcf,Reheat,1-1-8_Reheat,1-1-8,VAV
b9f2712f-f22c-4693-9e91-4f261a947251,Reheat,1-2-3_Reheat,1-2-3,VAV
7e9b15b0-f99d-4ea2-a404-e76f9172a070,Reheat,2-5-25_Reheat,2-5-25,VAV
7c27c31d-3c2c-4cb3-a5ef-adba8f3be84a,Reheat,2-3-14_Reheat,2-3-14,VAV
08fd8f68-d0e6-480f-b096-210fdb70b11f,Reheat,2-2-17_Reheat,2-2-17,VAV
6bae6d05-e42c-4ce4-a806-e2cd8b3bc58d,Reheat,2-2-20_Reheat,2-2-20,VAV
7bbe954c-c64c-4d19-81c4-084981dbd410,Reheat,2-1-12_Reheat,2-1-12,VAV
ebfad681-7ab2-49bb-ba46-3c400b973a25,Reheat,1-5-13_Reheat,1-5-13,VAV
a14b69d0-07b6-45a9-be45-57ff9397c76e,Reheat,1-1-5_Reheat,1-1-5,VAV
56bec2f3-38ea-41d6-8f37-b654338fd31b,Reheat,1-3-6_Reheat,1-3-6,VAV
2e19f52b-cc36-4835-8a4b-ee34c27644bf,Reheat,2-3-19_Reheat,2-3-19,VAV
ad0e2ccc-13de-49ec-9751-7ff787fcc8c0,Reheat,1-4-6_Reheat,1-4-6,VAV
de758ba1-fecf-48d0-be0e-b5675afdbc2e,SpaceTemp,1-2-1_SpaceTemp,1-2-1,VAV
4931dd0c-1d50-41b4-a81d-12f6ed20b0f9,SpaceTemp,1-5-6_SpaceTemp,1-5-6,VAV
3d48eda4-6b8c-4dca-9992-f85573a4fbb0,SpaceTemp,1-2-5_SpaceTemp,1-2-5,VAV
3e457b8b-6d6f-48e9-bc55-9b749b6b1e7c,SpaceTemp,1-5-2_SpaceTemp,1-5-2,VAV
e38120bf-b1c6-4564-9203-2455353452e9,SpaceTemp,1-4-8_SpaceTemp,1-4-8,VAV
8576a79e-9557-473b-8266-b1a691fb59c9,SpaceTemp,2-5-22_SpaceTemp,2-5-22,VAV
4c372018-0f46-4ee9-aadd-735b8ff6ef7e,SpaceTemp,2-3-17_SpaceTemp,2-3-17,VAV
8ba92a64-76c6-4b44-b9cf-8ef356ddd817,SpaceTemp,1-3-10_SpaceTemp,1-3-10,VAV
b2e57bcf-e850-4483-964f-9471501a9b00,SpaceTemp,2-1-18_SpaceTemp,2-1-18,VAV
544746d3-ba07-465f-9043-8c245c8650c4,SpaceTemp,2-4-16_SpaceTemp,2-4-16,VAV
6f1ed642-ea77-4fbe-9639-530215e36afc,SpaceTemp,2-2-20_SpaceTemp,2-2-20,VAV
84cb698a-9c36-437c-8ba0-66c885ee8fc4,SpaceTemp,2-5-21_SpaceTemp,2-5-21,VAV
6d0d6e8e-d5f8-4901-a577-655c0e2289f6,SpaceTemp,2-2-19_SpaceTemp,2-2-19,VAV
ed0026db-8a93-465a-9edd-d9521929e556,SpaceTemp,2-3-14_SpaceTemp,2-3-14,VAV
9a325b94-d47d-4dbe-a37d-20ed09b970b2,SpaceTemp,2-4-15_SpaceTemp,2-4-15,VAV
dc2f3d13-8eeb-42ec-9697-d9195fd83ab3,SpaceTemp,1-3-8_SpaceTemp,1-3-8,VAV
49836db9-cc6f-41b0-9835-68a9ae583b06,SpaceTemp,2-5-25_SpaceTemp,2-5-25,VAV
917365f5-b5b2-42f1-a5f3-08bd129456a5,SpaceTemp,1-2-2_SpaceTemp,1-2-2,VAV
881ae9c7-1415-4f07-ae11-e046ad1ba597,SpaceTemp,1-5-5_SpaceTemp,1-5-5,VAV
8bfd0c15-f42b-4888-b70a-a4791cdb9916,SpaceTemp,1-2-6_SpaceTemp,1-2-6,VAV
5b1f94e8-0d4f-4fd0-a6df-25426cf53c6c,SpaceTemp,1-5-1_SpaceTemp,1-5-1,VAV
acbe7c4a-c073-48c0-9ac0-799f39bac16e,SpaceTemp,1-1-4_SpaceTemp,1-1-4,VAV
3878cf1f-e1cd-4034-bec3-7774cf4b1ead,SpaceTemp,1-2-8_SpaceTemp,1-2-8,VAV
aa68141f-8761-4a7b-87a7-ba4d75291aff,SpaceTemp,1-5-11_SpaceTemp,1-5-11,VAV
eb9e2c8e-f866-4af4-8cd5-49f2d65e3255,SpaceTemp,2-1-11_SpaceTemp,2-1-11,VAV
66a7d0f4-3444-467a-9fc0-780f1decb90b,SpaceTemp,1-4-5_SpaceTemp,1-4-5,VAV
0f7cf498-dd3a-4a7d-9884-656a73b88613,SpaceTemp,1-3-2_SpaceTemp,1-3-2,VAV
8de74621-99ae-498f-8263-ff78a6284b01,SpaceTemp,2-2-17_SpaceTemp,2-2-17,VAV
2326ff21-0c95-4012-9941-3d8f825019eb,SpaceTemp,2-1-15_SpaceTemp,2-1-15,VAV
5edc74e4-051a-41ae-ab2f-114b4647034c,SpaceTemp,1-4-1_SpaceTemp,1-4-1,VAV
42420314-4fe4-43ba-af28-6639a4a8b1a8,SpaceTemp,2-2-13_SpaceTemp,2-2-13,VAV
596ce729-cf96-4e2c-87aa-0b4b3e3e7df1,SpaceTemp,1-3-6_SpaceTemp,1-3-6,VAV
89405dcb-51bf-452b-9206-346c2b79fe5d,SpaceTemp,2-1-12_SpaceTemp,2-1-12,VAV
c10cc9fb-3d03-406d-8a02-e1772cbb13f7,SpaceTemp,1-4-6_SpaceTemp,1-4-6,VAV
e3fbecd5-06bb-4c00-8b3c-9b4cfec73312,SpaceTemp,1-5-12_SpaceTemp,1-5-12,VAV
4cbb8ff0-932f-4641-b76f-f0f394215448,SpaceTemp,2-2-14_SpaceTemp,2-2-14,VAV
039bf78b-3014-426e-868b-fde67bc3269d,SpaceTemp,1-3-1_SpaceTemp,1-3-1,VAV
32502d8b-869d-4b28-9acc-3499592549c8,SpaceTemp,2-3-19_SpaceTemp,2-3-19,VAV
ffc3b8be-d208-461a-9d49-74204599c91c,SpaceTemp,2-4-21_SpaceTemp,2-4-21,VAV
ada35040-75b4-4bf0-8930-be25fde6ba9a,SpaceTemp,2-5-17B_SpaceTemp,2-5-17B,VAV
5710b4aa-d18e-46da-b4c1-35e99d277b0b,SpaceTemp,1-5-16_SpaceTemp,1-5-16,VAV
342390fe-2b7f-4cf7-8a50-ab875219a18d,SpaceTemp,2-1-16_SpaceTemp,2-1-16,VAV
91ca80c3-e290-4291-895f-0de664ace960,SpaceTemp,1-4-2_SpaceTemp,1-4-2,VAV
c37a9732-1ba7-4a7e-ab8e-3b3e31a9ab1f,SpaceTemp,1-3-5_SpaceTemp,1-3-5,VAV
2e272f80-9179-4a02-bac2-23b51793bc89,SpaceTemp,2-3-20_SpaceTemp,2-3-20,VAV
a6b15b57-aad6-474b-b326-ea614351fec3,SpaceTemp,2-4-18_SpaceTemp,2-4-18,VAV
3c73a8c1-ffc1-4766-ba35-8925b8279814,SpaceTemp,1-1-3_SpaceTemp,1-1-3,VAV
d1597876-c845-42e0-8426-1a7db672a895,SpaceTemp,1-5-8_SpaceTemp,1-5-8,VAV
a6b19b56-b549-46f3-8e59-138b67cac33b,SpaceTemp,1-1-7_SpaceTemp,1-1-7,VAV
063efa8f-4453-4cda-b73e-454b9cf8453b,SpaceTemp,2-4-17A_SpaceTemp,2-4-17A,VAV
88adaf3f-05e0-45fb-9a5e-b8e1eb131abe,SpaceTemp,2-4-19_SpaceTemp,2-4-19,VAV
e11b09b9-bbac-4476-8dbb-8b2140655fe0,SpaceTemp,1-3-4_SpaceTemp,1-3-4,VAV
3733b778-26d4-4ca8-8852-7b9e9d2a7aa4,SpaceTemp,2-3-21_SpaceTemp,2-3-21,VAV
48bea7ee-4c06-4168-b160-e6522f175501,SpaceTemp,2-4-20_SpaceTemp,2-4-20,VAV
30af39bd-c93c-4477-ba02-ab920d8ac13e,SpaceTemp,2-1-17_SpaceTemp,2-1-17,VAV
15a73470-7cd7-49dc-bdcb-3678037a61e9,SpaceTemp,1-4-3_SpaceTemp,1-4-3,VAV
5a131216-5c4b-44f4-8ac0-0f3baf9981e7,SpaceTemp,2-3-18_SpaceTemp,2-3-18,VAV
600866fb-5363-46ea-8f61-bfa89c053120,SpaceTemp,2-2-15_SpaceTemp,2-2-15,VAV
1997fb83-bf27-4ac0-a464-26ceb8d6d143,SpaceTemp,2-1-13_SpaceTemp,2-1-13,VAV
8d18269c-f697-4d8b-bbf6-6d31bf754a65,SpaceTemp,1-4-7_SpaceTemp,1-4-7,VAV
cb6f731b-0f70-4d74-ab03-3d646961fb8b,SpaceTemp,2-4-24_SpaceTemp,2-4-24,VAV
98868b09-d1f0-4e8b-af1f-01444ecf41ef,SpaceTemp,1-5-13_SpaceTemp,1-5-13,VAV
6b650e95-0b7d-4f89-a7b2-c36e6210511d,SpaceTemp,1-1-6_SpaceTemp,1-1-6,VAV
75b84a24-3ff9-4451-87bd-cbd7ff3c11a1,SpaceTemp,1-5-9_SpaceTemp,1-5-9,VAV
1a803f27-c660-46e9-8e65-8bf3538c573f,SpaceTemp,1-1-2_SpaceTemp,1-1-2,VAV
09d28319-de4c-42b4-bccc-4e942c7f6730,SpaceTemp,1-1-5_SpaceTemp,1-1-5,VAV
17e9e1d2-5e18-4a7d-960f-e44ee6f83a53,SpaceTemp,2-B-1_SpaceTemp,2-B-1,VAV
cfd3ea61-73fa-44e5-8386-b1dafafe9cc6,SpaceTemp,1-1-1_SpaceTemp,1-1-1,VAV
fa654173-612c-4c5e-b727-e51573f845c3,SpaceTemp,1-3-7_SpaceTemp,1-3-7,VAV
988e028e-4b49-46ed-9875-d745b60a5a8d,SpaceTemp,2-3-22_SpaceTemp,2-3-22,VAV
2c88d75c-bfaa-4b1d-a010-fdd2024bdede,SpaceTemp,2-2-12_SpaceTemp,2-2-12,VAV
707ca524-7e44-47dc-b73c-e76eb4857d55,SpaceTemp,2-1-14_SpaceTemp,2-1-14,VAV
1ab65cb9-d513-408d-ad44-5dcbbce23059,SpaceTemp,2-2-16_SpaceTemp,2-2-16,VAV
7903015b-6396-4cb4-b58e-ee16ab9e88d3,SpaceTemp,1-3-3_SpaceTemp,1-3-3,VAV
8061506f-8128-48d9-b509-bb691ee8a40e,SpaceTemp,1-5-10_SpaceTemp,1-5-10,VAV
9c4615cf-d2b9-482c-bfb9-b18922e70390,SpaceTemp,1-4-4_SpaceTemp,1-4-4,VAV
42f10cbb-f93a-4218-9045-e1d7c4166615,SpaceTemp,1-3-9_SpaceTemp,1-3-9,VAV
b3570ad5-9df8-4305-bfe7-01398bf46e11,SpaceTemp,2-5-24_SpaceTemp,2-5-24,VAV
74e3a44b-d286-4b96-b6d5-d5793a1cee7c,SpaceTemp,2-4-14_SpaceTemp,2-4-14,VAV
cc18f7f5-0804-45bc-9be5-76eeecf5dff3,SpaceTemp,2-3-15_SpaceTemp,2-3-15,VAV
3f8615c5-d15b-47cf-990f-b5d059326933,SpaceTemp,2-2-18_SpaceTemp,2-2-18,VAV
4aaf8d75-33e1-4c32-b555-68e5f86e6b56,SpaceTemp,2-1-27_SpaceTemp,2-1-27,VAV
e37d8a05-3d48-4400-9556-52f4c2566a86,SpaceTemp,2-5-20_SpaceTemp,2-5-20,VAV
4e9950a8-a593-4c60-837e-475ad19d1326,SpaceTemp,2-2-21_SpaceTemp,2-2-21,VAV
ee7c3375-cec8-4d36-9389-022241d71cd0,SpaceTemp,2-5-19_SpaceTemp,2-5-19,VAV
b981d8fb-5ec8-4099-ad33-a1f869a684ad,SpaceTemp,1-2-7_SpaceTemp,1-2-7,VAV
9498ab17-f1c5-4cf5-9ee5-d0308e6cb1aa,SpaceTemp,1-5-4_SpaceTemp,1-5-4,VAV
2baf1459-7809-4a2b-8250-6b66fe84575c,SpaceTemp,1-2-3_SpaceTemp,1-2-3,VAV
5c64440b-1517-45dd-8302-afe049741832,SpaceTemp,1-5-3_SpaceTemp,1-5-3,VAV
21603d60-d3a5-4341-8377-2b2f9c11b303,SpaceTemp,1-1-8_SpaceTemp,1-1-8,VAV
e9a81863-ebe3-475c-9da7-fd51fd45aa61,SpaceTemp,1-2-4_SpaceTemp,1-2-4,VAV
f66362bb-75a9-4646-a91b-f1a03db90e95,SpaceTemp,1-5-7_SpaceTemp,1-5-7,VAV
a83dece1-f344-4884-b80b-4f8664a0a8ef,SpaceTemp,2-4-17_SpaceTemp,2-4-17,VAV
7aa5cf2c-80a1-4570-b4af-2e92e76c8c03,SpaceTemp,2-1-20_SpaceTemp,2-1-20,VAV
c914bf18-0e24-48b2-b625-ffd5b7e71183,SpaceTemp,2-1-19_SpaceTemp,2-1-19,VAV
5c8d94d7-ca6a-4823-9c96-5c6f1cceba13,SpaceTemp,2-3-16_SpaceTemp,2-3-16,VAV
7748c020-6a72-4d2a-bf0f-847120250b0d,SpaceTemp,2-5-23_SpaceTemp,2-5-23,VAV
e89d5bec-5b94-4c22-9899-1c8d0dc38fd1,SpaceTemp,1-4-9_SpaceTemp,1-4-9,VAV
b3770bf0-689c-4657-9d3c-258909cbfd2f,SpaceTemp,2-2-22_SpaceTemp,2-2-22,VAV
